{"cameraMode":{"drawMode":0,"name":"Shaded","section":"Shading Mode"},"sceneLighting":false,"audioPlay":false,"sceneViewState":{"showFog":true,"showMaterialUpdate":false,"showSkybox":false,"showFlares":true,"showImageEffects":true,"showParticleSystems":true},"in2DMode":false,"pivot":{"x":490.684326171875,"y":521.6185302734375,"z":-359.9999694824219},"rotation":{"x":0.25984397530555727,"y":0.6118851900100708,"z":-0.22303153574466706,"w":0.7130051255226135},"size":6592.8427734375,"orthographic":false}